variant	rsid	mechanism	quant_method	dataset_id	molecular_trait_id	pip	region
chr10_100065197_G_A	rs3750717	expression	ge	QTD000001	ENSG00000095485	0.992725950688133	chr10:99267680-101267680
chr10_110447570_G_A	rs10787237	expression	ge	QTD000001	ENSG00000273143	0.999921794286404	chr10:109496590-111496590
chr10_119538900_T_C	rs10787977	expression	ge	QTD000001	ENSG00000148908	0.965143540997558	chr10:118542719-120542719
chr11_125363694_A_G	rs2248923	expression	ge	QTD000001	ENSG00000134955	0.969428235583472	chr11:124063302-126063302
chr11_1852991_C_T	rs907612	expression	ge	QTD000001	ENSG00000130592	0.955253057193369	chr11:850904-2850904
chr11_44066439_G_T	rs2074038	expression	ge	QTD000001	ENSG00000110455	0.994345322883583	chr11:43065925-45065925
chr11_47285079_C_T	rs35233100	expression	ge	QTD000001	ENSG00000110514	0.934341945318944	chr11:46269161-48269161
chr11_62536350_C_T	rs17664979	expression	ge	QTD000001	ENSG00000168000	0.96942629030483	chr11:61709845-63709845
chr12_120993469_T_A	rs2071190	expression	ge	QTD000001	ENSG00000157895	0.99997412982826	chr12:120016502-122016502
chr12_47766538_C_G	rs12815308	expression	ge	QTD000001	ENSG00000079337	0.999724253455557	chr12:46771040-48771040
chr12_51348043_T_A	rs7133606	expression	ge	QTD000001	ENSG00000139610	0.905092477971326	chr12:50346679-52346679
chr12_66162077_T_TA	rs768611925	expression	ge	QTD000001	ENSG00000239335	0.949445844518168	chr12:65130751-67130751
chr12_7929771_T_C	rs17847967	expression	ge	QTD000001	ENSG00000173262	0.999999782871646	chr12:6891148-8891148
chr12_9403187_T_G	rs868514245	expression	ge	QTD000001	ENSG00000165685	0.999608501364046	chr12:9170542-11170542
chr12_95819309_CTT_C	rs397850006	expression	ge	QTD000001	ENSG00000139343	0.999625140497186	chr12:94858952-96858952
chr13_43879809_GGGGCGAGGTGGGCGAGGT_G	rs201040149	expression	ge	QTD000001	ENSG00000151773	0.996035842304295	chr13:42879740-44879740
chr14_21072704_G_T	rs1952151	expression	ge	QTD000001	ENSG00000165801	0.952621052572924	chr14:20070273-22070273
chr14_94129652_T_C	rs2273514	expression	ge	QTD000001	ENSG00000119632	0.99852272093594	chr14:93130253-95130253
chr15_40361837_A_G	rs7165012	expression	ge	QTD000001	ENSG00000128928	0.927589806297839	chr15:39405485-41405485
chr15_40379944_C_T	rs12905240	expression	ge	QTD000001	ENSG00000140323	0.962019842492994	chr15:39358219-41358219
chr15_50124354_C_T	rs8038609	expression	ge	QTD000001	ENSG00000140284	0.978290526864775	chr15:49182196-51182196
chr15_55314015_T_C	rs11638111	expression	ge	QTD000001	ENSG00000225973	0.997317820264498	chr15:54319161-56319161
chr15_77083492_CAA_C	rs57101030	expression	ge	QTD000001	ENSG00000259652	0.999994637340882	chr15:76043680-78043680
chr16_53820586_A_G	rs9928425	expression	ge	QTD000001	ENSG00000177200	0.998680328973394	chr16:52054991-54054991
chr17_50547162_A_C	rs9890200	expression	ge	QTD000001	ENSG00000006282	0.960722072596004	chr17:49543058-51543058
chr17_80102793_A_C	rs12450199	expression	ge	QTD000001	ENSG00000171298	0.999253716755112	chr17:79101556-81101556
chr18_5279406_C_CT	rs34028169	expression	ge	QTD000001	ENSG00000263753	0.998832891911505	chr18:4237826-6237826
chr18_57571588_A_G	rs2272783	expression	ge	QTD000001	ENSG00000066926	0.999489822102193	chr18:56586732-58586732
chr18_6089996_G_A	rs76511111	expression	ge	QTD000001	ENSG00000263753	0.974152479377289	chr18:4237826-6237826
chr19_2936537_G_A	rs35699176	expression	ge	QTD000001	ENSG00000175691	0.999887656621797	chr19:1944971-3944971
chr19_43984200_G_A	rs62116613	expression	ge	QTD000001	ENSG00000204920	0.999999999958082	chr19:42967862-44967862
chr19_46392960_A_G	rs3764613	expression	ge	QTD000001	ENSG00000011485	0.999880930325792	chr19:45347087-47347087
chr19_52834965_T_C	rs142740396	expression	ge	QTD000001	ENSG00000204604	0.997254082492261	chr19:51857649-53857649
chr1_150558904_T_C	rs11204664	expression	ge	QTD000001	ENSG00000237781	0.999993708445084	chr1:149557724-151557724
chr1_20508117_C_A	rs6700034	expression	ge	QTD000001	ENSG00000090432	0.996380675823588	chr1:19508151-21508151
chr1_230714140_T_G	rs5050	expression	ge	QTD000001	ENSG00000135744	0.934513287145087	chr1:229745576-231745576
chr1_23491980_CT_C	rs71023278	expression	ge	QTD000001	ENSG00000249087	0.98783800899572	chr1:22368949-24368949
chr1_27897313_A_AT	rs3830900	expression	ge	QTD000001	ENSG00000130775	0.999758216400059	chr1:26872543-28872543
chr1_52927236_A_G	rs1242331	expression	ge	QTD000001	ENSG00000116171	0.970538102141473	chr1:51927276-53927276
chr20_62193559_G_A	rs6062133	expression	ge	QTD000001	ENSG00000101181	0.946100312119611	chr20:61183028-63183028
chr21_42903610_C_T	rs4148974	expression	ge	QTD000001	ENSG00000160194	0.905932260881153	chr21:41879644-43879644
chr21_45562129_C_CA	rs768625114	expression	ge	QTD000001	ENSG00000288885	0.919205078203216	chr21:44555697-46555697
chr22_20735271_C_G	rs28374359	expression	ge	QTD000001	ENSG00000099940	0.930100775336952	chr22:19859007-21859007
chr22_39015874_A_AT	rs1180991164	expression	ge	QTD000001	ENSG00000100298	0.98084799533348	chr22:38097224-40097224
chr22_42516130_G_T	rs8139383	expression	ge	QTD000001	ENSG00000189306	0.996965574214694	chr22:41519796-43519796
chr22_50200073_T_C	rs5771096	expression	ge	QTD000001	ENSG00000273253	0.999100136648041	chr22:49200837-51200837
chr22_50598551_C_CT	rs131739	expression	ge	QTD000001	ENSG00000100299	0.954159206553276	chr22:49628173-51628173
chr22_50625049_T_C	rs6151429	expression	ge	QTD000001	ENSG00000100299	0.991337071713628	chr22:49628173-51628173
chr2_161244750_G_A	rs11678980	expression	ge	QTD000001	ENSG00000227403	0.998258657456193	chr2:160244720-162244720
chr2_177283742_A_T	rs6745756	expression	ge	QTD000001	ENSG00000213963	0.974177753663542	chr2:176392691-178392691
chr2_230311325_G_A	rs139570354	expression	ge	QTD000001	ENSG00000185404	0.999865897749917	chr2:229327184-231327184
chr2_85495549_A_ATGTGTG	rs138389495	expression	ge	QTD000001	ENSG00000132305	0.983861187478676	chr2:85195472-87195472
chr3_169812288_C_A	rs9841443	expression	ge	QTD000001	ENSG00000171757	0.99922142040091	chr3:168812986-170812986
chr4_121699410_T_C	rs7655436	expression	ge	QTD000001	ENSG00000164111	0.999237725223777	chr4:120696995-122696995
chr4_177442224_G_A	rs11131799	expression	ge	QTD000001	ENSG00000038002	0.984384016146756	chr4:176442437-178442437
chr4_186191475_G_C	rs7663027	expression	ge	QTD000001	ENSG00000145476	0.995582406632666	chr4:185191567-187191567
chr5_103562198_T_C	rs72782538	expression	ge	QTD000001	ENSG00000112874	0.945508869971746	chr5:102562790-104562790
chr5_1104823_C_T	rs35188965	expression	ge	QTD000001	ENSG00000113504	0.990845588373686	chr5:112063-2112063
chr5_54700089_GCTTT_G	rs67334561	expression	ge	QTD000001	ENSG00000287367	0.998059972191917	chr5:53663327-55663327
chr5_80256365_A_G	rs1126176	expression	ge	QTD000001	ENSG00000288741	0.936958087129202	chr5:79256200-81256200
chr5_96765327_TAA_T	rs773855243	expression	ge	QTD000001	ENSG00000164307	0.975968496372309	chr5:95808100-97808100
chr6_106629627_G_A	rs2054365	expression	ge	QTD000001	ENSG00000130348	0.941868671444402	chr6:105629578-107629578
chr6_111592059_C_T	rs33980500	expression	ge	QTD000001	ENSG00000255389	0.979526442723856	chr6:110599875-112599875
chr6_111875025_G_T	rs1535176	expression	ge	QTD000001	ENSG00000227012	0.974586568135151	chr6:110909420-112909420
chr6_149796930_T_C	rs1807815	expression	ge	QTD000001	ENSG00000120253	0.967234904854763	chr6:148749665-150749665
chr6_31569794_CAA_C	rs34219865	expression	ge	QTD000001	ENSG00000286940	0.98313924694614	chr6:30494935-32494935
chr7_130603721_C_CA	rs1194316483	expression	ge	QTD000001	ENSG00000158623	0.949677640328287	chr7:129668748-131668748
chr7_143414109_CCA_C	rs71168724	expression	ge	QTD000001	ENSG00000229153	0.900907862487376	chr7:142407784-144407784
chr7_22675221_G_GT	rs71550485	expression	ge	QTD000001	ENSG00000179428	0.965529848617385	chr7:21727620-23727620
chr7_28237488_C_G	rs2158799	expression	ge	QTD000001	ENSG00000153814	0.990419882745629	chr7:27180795-29180795
chr7_76608779_A_C	rs1619548	expression	ge	QTD000001	ENSG00000188372	0.997736548078361	chr7:75397518-77397518
chr8_142670280_T_C	rs4736369	expression	ge	QTD000001	ENSG00000167653	0.999869949871308	chr8:141670308-143670308
chr8_23225458_G_T	rs13278062	expression	ge	QTD000001	ENSG00000246582	0.994172267775002	chr8:22224471-24224471
chr8_65240071_A_G	rs4425792	expression	ge	QTD000001	ENSG00000104442	0.969203404474288	chr8:64634217-66634217
chr9_113188426_A_C	rs10435864	expression	ge	QTD000001	ENSG00000136868	1	chr9:112221544-114221544
chr9_137077397_T_TGGGGC	rs1405915641	expression	ge	QTD000001	ENSG00000186193	0.999234650563485	chr9:136070557-138070557
chr10_101037502_C_T	rs2275382	splicing	leafcutter	QTD000005	10:101037431:101037508:clu_37463_-	0.980186487729192	chr10:100038037-102038037
chr10_14934415_G_A	rs7076862	splicing	leafcutter	QTD000005	10:14932955:14934380:clu_17806_+	0.999959265884541	chr10:13974930-15974930
chr10_44982644_A_G	rs870957	splicing	leafcutter	QTD000005	10:44971848:44984022:clu_37038_-	0.954611652893195	chr10:43978331-45978331
chr10_45656236_AAAGAG_A	rs139113016	splicing	leafcutter	QTD000005	10:45759401:45763388:clu_37056_-	0.998561968432805	chr10:44760264-46760264
chr10_69528062_A_G	rs1227952	splicing	leafcutter	QTD000005	10:69498396:69511791:clu_37166_-	0.999754929799314	chr10:68505094-70505094
chr10_69545400_C_G	rs1227960	splicing	leafcutter	QTD000005	10:69504485:69506109:clu_37166_-	0.979915612231767	chr10:68505094-70505094
chr10_80512871_TTTGTTGTTGTTG_T	rs147443704	splicing	leafcutter	QTD000005	10:80512269:80512719:clu_37278_-	0.927562213656221	chr10:79513144-81513144
chr10_98385025_C_T	rs2296441	splicing	leafcutter	QTD000005	10:98387307:98388354:clu_18332_+	0.979982367447796	chr10:97389159-99389159
chr11_12129378_A_G	rs34300747	splicing	leafcutter	QTD000005	11:12129454:12138390:clu_25431_-	0.999999762958396	chr11:11136403-13136403
chr11_12142145_C_G	rs4756774	splicing	leafcutter	QTD000005	11:12110726:12138390:clu_25431_-	0.920709674828797	chr11:11136403-13136403
chr11_130879456_TAG_T	rs3831404	splicing	leafcutter	QTD000005	11:130880806:130903255:clu_45627_+	0.996388448186913	chr11:129891483-131891483
chr11_130896205_G_C	rs7111085	splicing	leafcutter	QTD000005	11:130906721:130910018:clu_45630_+	0.929290857778071	chr11:129908496-131908496
chr11_18330886_G_A	rs60889939	splicing	leafcutter	QTD000005	11:18330961:18333060:clu_25473_-	0.981652228931727	chr11:17327900-19327900
chr11_2902596_A_G	rs367035	splicing	leafcutter	QTD000005	11:2888635:2902584:clu_44525_+	0.974532738362533	chr11:1895610-3895610
chr11_35208126_T_C	rs1467558	splicing	leafcutter	QTD000005	11:35190065:35208105:clu_25544_-	0.999990827254426	chr11:34202412-36202412
chr11_57426322_C_G	rs12420590	splicing	leafcutter	QTD000005	11:57426316:57426588:clu_44841_+	0.999999757574952	chr11:56426691-58426691
chr11_60385111_G_A	rs950802	splicing	leafcutter	QTD000005	11:60383288:60385088:clu_25697_-	0.988194381069341	chr11:59389117-61389117
chr11_62619000_A_T	rs10897288	splicing	leafcutter	QTD000005	11:62615799:62616506:clu_44971_+	0.999565298470335	chr11:61616153-63616153
chr11_62818245_C_CA	rs71056566	splicing	leafcutter	QTD000005	11:62856381:62871577:clu_25771_-	0.997726899573689	chr11:61863979-63863979
chr11_810009_TCTCCGCCGC_T	rs866411223	splicing	leafcutter	QTD000005	11:810039:810234:clu_25278_-	0.966209836053333	chr11:-189182-1810818
chr11_8540966_ATC_A	rs72350300	splicing	leafcutter	QTD000005	11:8726209:8750621:clu_44608_+	0.998348576139727	chr11:7798772-9798772
chr11_94493786_C_T	rs1805363	splicing	leafcutter	QTD000005	11:94492906:94493791:clu_45392_+	0.998321286119404	chr11:93493344-95493344
chr12_108601962_C_CT	rs34710180	splicing	leafcutter	QTD000005	12:108592397:108594337:clu_12384_+	0.911706405772822	chr12:107595184-109595184
chr12_123052077_G_GT	rs768461942	splicing	leafcutter	QTD000005	12:123944740:123945704:clu_12651_+	0.992617338287501	chr12:122958011-124958011
chr12_124923498_TA_T	rs5801581	splicing	leafcutter	QTD000005	12:124912864:124913549:clu_12663_+	0.937494237801083	chr12:123912751-125912751
chr12_47308156_A_G	rs73095998	splicing	leafcutter	QTD000005	12:47166643:47216165:clu_11775_+	0.982741854172261	chr12:46191514-48191514
chr12_6330843_T_C	rs1800693	splicing	leafcutter	QTD000005	12:6330711:6333069:clu_11501_+	0.954150818292359	chr12:5331886-7331886
chr12_6798098_T_C	rs2857239	splicing	leafcutter	QTD000005	12:6789662:6799538:clu_33281_-	0.950930278269696	chr12:5801902-7801902
chr14_103124435_G_A	rs3759573	splicing	leafcutter	QTD000005	14:103124506:103126310:clu_44337_-	0.920806740886083	chr14:102124897-104124897
chr14_103334506_C_CCTCGGA	rs112999017	splicing	leafcutter	QTD000005	14:103334597:103335653:clu_44356_-	0.982697299617703	chr14:102335028-104335028
chr14_20413368_T_C	rs1713434	splicing	leafcutter	QTD000005	14:20408463:20413371:clu_15042_+	0.999999999999986	chr14:19410934-21410934
chr14_73372343_T_TTA	rs60502086	splicing	leafcutter	QTD000005	14:73065093:73071627:clu_44108_-	0.999993970846555	chr14:72065166-74065166
chr14_96379755_G_A	rs2053588	splicing	leafcutter	QTD000005	14:96379788:96382247:clu_44279_-	0.999732695180348	chr14:95372908-97372908
chr15_40288963_C_A	rs3743138	splicing	leafcutter	QTD000005	15:40286074:40289272:clu_22682_+	0.960023383892607	chr15:39286904-41286904
chr16_28667565_G_T	rs376330353	splicing	leafcutter	QTD000005	16:28688828:28711657:clu_1735_-	0.991176447670233	chr16:27700243-29700243
chr16_66604342_G_A	rs35320143	splicing	leafcutter	QTD000005	16:66604449:66604731:clu_2063_-	0.980576338069253	chr16:65604457-67604457
chr17_27647232_T_C	rs4239242	splicing	leafcutter	QTD000005	17:27645349:27645861:clu_28551_-	0.999998888576027	chr17:26644105-28644105
chr17_46290635_C_T	rs866481042	splicing	leafcutter	QTD000005	17:46152966:46170855:clu_13631_+	0.910164655415827	chr17:45159186-47159186
chr17_48120903_A_AT	rs58848624	splicing	leafcutter	QTD000005	17:48107838:48112031:clu_28996_-	0.978029167892917	chr17:47109814-49109814
chr17_7191771_C_G	rs2586539	splicing	leafcutter	QTD000005	17:7108888:7114117:clu_12944_+	0.905226138596689	chr17:6111366-8111366
chr17_75591977_G_T	rs736522	splicing	leafcutter	QTD000005	17:75591712:75591977:clu_29302_-	0.993655502051265	chr17:74591975-76591975
chr17_75592461_A_G	rs736521	splicing	leafcutter	QTD000005	17:75592301:75592428:clu_29303_-	0.992529781935423	chr17:74592490-76592490
chr18_11905954_C_T	rs8097892	splicing	leafcutter	QTD000005	18:11897356:11897526:clu_2440_+	0.997564626060164	chr18:10902779-12902779
chr18_334742_C_T	rs2305027	splicing	leafcutter	QTD000005	18:333143:334742:clu_2393_+	1	chr18:-660306-1339694
chr19_10121816_T_A	rs74646938	splicing	leafcutter	QTD000005	19:9419143:9419217:clu_40118_+	0.994273383697219	chr19:8418924-10418924
chr19_14478566_C_T	rs1127307	splicing	leafcutter	QTD000005	19:14478564:14478684:clu_40315_+	0.999999991372584	chr19:13478635-15478635
chr19_43648948_A_G	rs4760	splicing	leafcutter	QTD000005	19:43646548:43652225:clu_40748_+	0.987459042168371	chr19:42651518-44651518
chr19_47900450_CTTT_C	rs1335304024	splicing	leafcutter	QTD000005	19:48223868:48229503:clu_40897_+	0.931467790802967	chr19:47223522-49223522
chr19_51235662_G_A	rs35112940	splicing	leafcutter	QTD000005	19:51235663:51239518:clu_11239_-	0.999999957114626	chr19:50232804-52232804
chr19_51235971_A_G	rs10409348	splicing	leafcutter	QTD000005	19:51235676:51235823:clu_11239_-	0.99205371920217	chr19:50232804-52232804
chr1_155060832_G_A	rs11589479	splicing	leafcutter	QTD000005	1:155060343:155060763:clu_7100_-	0.999999999991174	chr1:154061294-156061294
chr1_156294857_C_T	rs1570805	splicing	leafcutter	QTD000005	1:156294565:156295526:clu_36116_+	0.993296621634147	chr1:155295026-157295026
chr1_165632229_G_A	rs9333378	splicing	leafcutter	QTD000005	1:165631293:165632231:clu_7295_-	0.997913686823621	chr1:164640567-166640567
chr1_22644149_C_T	rs15940	splicing	leafcutter	QTD000005	1:22643714:22647227:clu_5915_-	0.999999999802354	chr1:21643199-23643199
chr1_236533339_C_CTTT	rs139389436	splicing	leafcutter	QTD000005	1:236542787:236542915:clu_7818_-	0.999785464965178	chr1:235543174-237543174
chr1_243114174_G_T	rs4658537	splicing	leafcutter	QTD000005	1:243191494:243199060:clu_36774_+	0.99396454280769	chr1:242192741-244192741
chr1_5875102_T_A	rs1287637	splicing	leafcutter	QTD000005	1:5875100:5877093:clu_34571_+	0.996390265015844	chr1:4876076-6876076
chr20_35626801_T_C	rs2425068	splicing	leafcutter	QTD000005	20:35626803:35627280:clu_966_+	0.932830781910637	chr20:34627040-36627040
chr20_51570043_T_C	rs117290401	splicing	leafcutter	QTD000005	20:51524110:51542370:clu_1134_+	0.961460953000334	chr20:50543078-52543078
chr21_45491464_T_TGTAGAG	rs769431409	splicing	leafcutter	QTD000005	21:44907095:44910284:clu_39134_-	0.97950046711009	chr21:43908690-45908690
chr22_20793005_A_G	rs165793	splicing	leafcutter	QTD000005	22:20734553:20742228:clu_39288_+	0.950393844745138	chr22:19738391-21738391
chr22_46623199_C_T	rs138486	splicing	leafcutter	QTD000005	22:46620360:46626751:clu_5492_-	0.998913297578201	chr22:45602021-47602021
chr2_10408700_T_C	rs3771130	splicing	leafcutter	QTD000005	2:10408734:10419734:clu_42166_-	0.999983764606698	chr2:9361459-11361459
chr2_240627628_CTTTTTTTTTT_C	rs1454112940	splicing	leafcutter	QTD000005	2:240625568:240627660:clu_43675_-	0.999891853491844	chr2:239624490-241624490
chr2_242793_G_C	rs62114506	splicing	leafcutter	QTD000005	2:234272:247538:clu_19415_+	0.993532147418779	chr2:-759095-1240905
chr2_45596988_T_TCA	rs139080511	splicing	leafcutter	QTD000005	2:45477075:45546317:clu_19742_+	0.951828693954707	chr2:44483313-46483313
chr2_45618346_A_T	rs1522990	splicing	leafcutter	QTD000005	2:45546360:45546732:clu_19742_+	0.908681051251981	chr2:44483313-46483313
chr3_10301192_C_T	rs696221	splicing	leafcutter	QTD000005	3:10301147:10304026:clu_20957_+	0.996981266527202	chr3:9302587-11302587
chr3_57534418_G_T	rs11707555	splicing	leafcutter	QTD000005	3:56564125:56565134:clu_31387_-	0.998962084098529	chr3:55565360-57565360
chr4_102753951_G_C	rs223492	splicing	leafcutter	QTD000005	4:102726683:102760718:clu_19097_+	0.991631707139527	chr4:101743701-103743701
chr4_10522572_C_CA	rs374636839	splicing	leafcutter	QTD000005	4:10103986:10116113:clu_18729_+	0.963333785102169	chr4:9102427-11102427
chr4_153119063_C_T	rs6849116	splicing	leafcutter	QTD000005	4:153684360:153702892:clu_30732_-	0.995696813110465	chr4:152699658-154699658
chr4_153142864_A_AAATAAAT	rs10654442	splicing	leafcutter	QTD000005	4:153688047:153701500:clu_30732_-	0.969541815502821	chr4:152699658-154699658
chr4_37855721_G_C	rs11554509	splicing	leafcutter	QTD000005	4:37850373:37861510:clu_30225_-	0.999999934907768	chr4:36855942-38855942
chr4_952438_T_C	rs11552301	splicing	leafcutter	QTD000005	4:951717:953190:clu_29988_-	0.964075225015411	chr4:-47546-1952454
chr5_1278469_C_T	rs2075785	splicing	leafcutter	QTD000005	5:1798947:1799792:clu_26663_+	0.943176467840781	chr5:800141-2800141
chr5_31531512_A_G	rs17409803	splicing	leafcutter	QTD000005	5:31530924:31531990:clu_26702_+	0.999989345931232	chr5:30530548-32530548
chr5_54497047_CT_C	rs57222567	splicing	leafcutter	QTD000005	5:54519678:54543179:clu_8855_-	0.947574932559767	chr5:53562877-55562877
chr5_96731473_GTT_G	rs201905440	splicing	leafcutter	QTD000005	5:96726859:96727489:clu_9125_-	0.999947817393025	chr5:95726155-97726155
chr6_160057757_A_G	rs4709395	splicing	leafcutter	QTD000005	6:160056525:160058023:clu_4962_-	0.995026010273779	chr6:159057274-161057274
chr6_18403902_C_A	rs9396861	splicing	leafcutter	QTD000005	6:18399699:18401957:clu_3954_-	0.994060871726917	chr6:17413657-19413657
chr6_31587615_C_A	rs2256974	splicing	leafcutter	QTD000005	6:31587318:31587944:clu_4131_-	0.999232511576773	chr6:30587941-32587941
chr6_3738959_T_C	rs4959871	splicing	leafcutter	QTD000005	6:3738148:3751276:clu_23379_+	0.999999999984255	chr6:2744712-4744712
chr7_1138191_GCGCCCACCTGCGCCCACGT_G	rs72197406	splicing	leafcutter	QTD000005	7:1127386:1138218:clu_32076_+	0.999999999616144	chr7:132802-2132802
chr7_128938247_T_G	rs2004640	splicing	leafcutter	QTD000005	7:128938245:128942071:clu_38556_-	0.999868494650569	chr7:127939668-129939668
chr7_5329891_G_C	rs73051980	splicing	leafcutter	QTD000005	7:5325248:5329937:clu_32133_+	0.999483312920068	chr7:4328934-6328934
chr7_6577616_C_G	rs11559147	splicing	leafcutter	QTD000005	7:6577498:6578566:clu_37800_-	0.994828463013802	chr7:5578032-7578032
chr8_141182443_G_A	rs307740	splicing	leafcutter	QTD000005	8:141180854:141185139:clu_25114_-	0.998971401623985	chr8:140182997-142182997
chr9_136192811_G_GAA	rs540189079	splicing	leafcutter	QTD000005	9:136443900:136445052:clu_42043_+	0.962660628497703	chr9:135445378-137445378
chr9_75069774_A_C	rs3752955	splicing	leafcutter	QTD000005	9:75069102:75069895:clu_41473_+	0.977499309144138	chr9:74073131-76073131
chr9_90862614_G_A	rs10821515	splicing	leafcutter	QTD000005	9:90878953:90888515:clu_17124_-	0.952117063201825	chr9:89883734-91883734
